Company_Name,Street_Address1,Street_Address2,City,State,Zip_Code
31570,,,Jakarta 10220,Indonesia,
31571,,,Jakarta Barat 11630,Indonesia,
31572,,,Jakarta 10240,Indonesia,
31573,,,Jakarta 14450,Indonesia,
31574,,,Medan 20231,Indonesia,
31575,,,Jakarta Barat,Indonesia,
31576,,,North Balgowlah NSW 2093,Australia,
31577,,,Jakarta 10620,Indonesia,
31578,,,Jakarta 10330,Indonesia,
31579,,,Jakarta,Indonesia,
31580,,,Tokyo 162-0842,Japan,
31581,,,Quarry Bay,Hong Kong,
31582,,,Bangkok 10110,Thailand,
31583,,,Gyeong-Buk 730-701,South Korea,
31584,,,Daejeon 305-738,South Korea,
31585,,,Vancouver BC V6K 2PS,Canada,
31586,,,Jakarta Barat 11530,Indonesia,
31587,,,Bandung West Java 40115,Indonesia,
31588,,,Jakarta 11640,Indonesia,
31589,,,Yangchun-Gu,South Korea,
31590,,,North Sumatra,Indonesia,
31591,,,San Jose 1225,Costa Rica,
31592,,,Chiba 276-0036,Japan,
31593,,,Ferghana Kokand 713000,Uzbekistan,
31594,,,Jakarta Utara,Indonesia,
31595,,,Jakarta Barat 11520,Indonesia,
31596,,,Jakarta Barat 11530,Indonesia,
31597,,,Surabaya,Indonesia,
31598,,,Euiwang Kyounggido 14021,South Korea,
31599,,,Vancouver BC V6E 4T7,Canada,
31600,,,Jakarta Selatan 12210,Indonesia,
31601,,,Jakarta,Indonesia,
31602,,,Kennedy Town,Hong Kong,
31603,,,Coquitlam BC V3J 3S3,Canada,
31604,,,Jakarta Selatan 2170,Indonesia,
31605,,,Riyadh 11622,Saudi Arabia,
31606,,,Surabaya,Indonesia,
31607,,,Jakarta 14430,Indonesia,
31608,,,Cilengsi Kab. Bogor 16820,Indonesia,
31609,,,Surabayan,Indonesia,
31610,,,Jakarta Barat 11520,Indonesia,
31611,,,Jakarta 15229,Indonesia,
31612,,,Tequcigalpa,Honduras,
31613,,,Kowloon City,Hong Kong,
31614,,,Sudirman Kav 76-78 Jakarta 12910,Indonesia,
31615,,,Singapore 389862,Singapore,
31616,,,Tangerang Banten 15115,Indonesia,
31617,,,Coquitlam BC V3E 3A6,Canada,
31618,,,Lima 18,Peru,
31619,,,Jakarta 11520,Indonesia,
31620,,,Seremban 70300,Malaysia,
31621,,,Shanghai 200003,China,
31622,,,Qatif 31911,Saudi Arabia,
31623,,,Bangkok 10120,Thailand,
31624,,,Tuen Mun,Hong Kong,
31625,,,Singapore 099310,Singapore,
31626,,,Burnaby BC V5G 2M7,Canada,
31627,,,Jakarta 12920,Indonesia,
31628,,,Kiev 01030,Ukraine,
31629,,,Vancouver BC V6J 3R2,Canada,
31630,,,47363 Kuwait City,Kuwait,
31631,,,Woolloomooloo NSW 2011,Australia,
31632,,,Jakarta Utara Jakarta 14240,Indonesia,
31633,,,Abu Dhabi,United Arab Emirates,
31634,,,Jadarta Utara,Indonesia,
31635,,,Huazhou Guangdong 525100,China,
31636,,,JakBar 11630,Indonesia,
31637,,,Yuen Long,Hong Kong,
31638,,,Jakarta 12950,Indonesia,
31639,,,Bangkok 10900,Thailand,
31640,,,Daejeon 34134,South Korea,
31641,,,Gwangju 61452,South Korea,
31642,,,Edmonton Alberta T5P 1T1,Canada,
31643,,,Shanghai 200135,China,
31644,,,679973,Singapore,
31645,,,Central District,Hong Kong,
31646,,,Jakarta 12920,Indonesia,
31647,,,Singapore 310191,Singapore,
31648,,,Amman 11181,Jordan,
31649,,,88300 Kota Kinabalu Sabah,Malaysia,
31650,,,Daegu,South Korea,
31651,,,Perth WA 6024,Australia,
31652,,,Calgary Alberta T2V 2G7,Canada,
31653,,,El Menzah 7 1004 Tunis,Tunisia,
31654,,,Mega Kuningan Jakarta 12950,Indonesia,
31655,,,Arakawa-ku Tokyo 116-0003,Japan,
31656,,,34398 Maslak Istanbul,Turkey,
31657,,,Jeonnam 550-749,South Korea,
31658,,,Jakarta 10620,Indonesia,
31659,,,Duri Kepa 11510,Indonesia,
31660,,,Toronton ON M5P 1L5,Canada,
31661,,,Jakarta Utara 14350,Indonesia,
31662,,,Langley BC V3A 3J9,Canada,
31663,,,Jakarta 11880-1407,Indonesia,
31664,,,Jakarta 10450,Indonesia,
31665,,,Taipei 110,Taiwan,
31666,,,Jakarta 112940,Indonesia,
31667,,,Banten 42186,Indonesia,
31668,,,Tai Po New Territories,Hong Kong,
31669,,,Jakarta 11160,Indonesia,
31670,,,Bangkok 10400,Thailand,
31671,,,Norwood SA 5067,Australia,
31672,,,Seoul,South Korea,
31673,,,Yakutsk 677000,Russian Federation,
31674,,,Happy Valley,Hong Kong,
31675,,,Seoul 132-714,South Korea,
31676,,,Seoul OR 137-814,South Korea,
31677,,,Bangkok,Thailand,
31678,,,Lethbridge Alberta T1K 3H4,Canada,
31679,,,Bangkok 10500,Thailand,
31680,,,51232,Singapore,
31681,,,Tainan,Taiwan,
31682,,,Singapore 128038,Singapore,
31683,,,Bangkok 10120,Thailand,
31684,,,Taipei,Taiwan,
31685,,,Houdaij El-Ouardia 1009,Tunisia,
31686,,,Calgary AB T3L 2Y6,Canada,
31687,,,Oslo 6,Norway,
31688,,,Bangkok 10100,Thailand,
31689,,,Tainan,Taiwan,
31690,,,Bangkok 10900,Thailand,
31691,,,Jakarta 12330,Indonesia,
31692,,,Nakornpathom 73000,Thailand,
31693,,,Fengshan 83028,Taiwan,
31694,,,Jakarta 12330,Indonesia,
31695,,,4070 Randaberg,Norway,
31696,,,Bangkok 10310,Thailand,
31697,,,Kaoshiung,China,
31698,,,Taipei 10812,Taiwan,
31699,,,Selangor 46000,Malaysia,
31700,,,Bangkok 10700,Thailand,
31701,,,Selangor 47300,Malaysia,
31702,,,Panchiao,Taiwan,
31703,,,Kuching Sarawak 93350,Malaysia,
31704,,,Taipei,Taiwan,
31705,,,Abbotsford BC V3G 0A6,Canada,
31706,,,Saelangor,Malaysia,
31707,,,3031 Drammeiv,Norway,
31708,,,IS-210 Gardabaer,Iceland,
31709,,,Edmonton AB T5P OG3,Canada,
31710,,,Calgary AB T2M 4H9,Canada,
31711,,,Vancouver British Columbia V5V 2L9,Canada,
31712,,,Calgary AB T3E 1Z8,Canada,
31713,,,Tainan,Taiwan,
31714,,,Calgary AB T3L 0A3,Canada,
31715,,,Central Hong Kong,Hong Kong,
31716,,,Oliver BC V0H 1T9,Canada,
31717,,,0263 Oslo,Norway,
31718,,,Port Coquitlam BC V3B 6H3,Canada,
31719,,,Caracas,Venezuela,
31720,,,Pusan 609-735,South Korea,
31721,,,Rimouski QC G5N 1T9,Canada,
31722,,,CH-1669 Montbovon,Switzerland,
31723,,,Cranbrook BC V1C 3S5,Canada,
31724,,,San Juan Riza,Philippines,
31725,,,4051 Basel,Switzerland,
31726,,,Lethbridge AB T1J 0J5,Canada,
31727,,,Pw Penang,Malaysia,
31728,,,Elgin ON K0G 1E0,Canada,
31729,,,Lagos,Nigeria,
31730,,,T 321-14,Japan,
31731,,,Jakarta,Indonesia,
31732,,,Vancouver BC V6H 2V5,Canada,
31733,,,Bangkok 10200,Thailand,
31734,,,Kyoto,Japan,
31735,,,Kudus,Indonesia,
31736,,,Gisborne,New Zealand,
31737,,,Aba IMO State,Nigeria,
31738,,,B P 2643 Libreville,Gabon,
31739,,,Invercargill Southland,New Zealand,
31740,,,Sandspit British Columbia V0T 1T0,Canada,
31741,,,Fairmont Hot Springs BC V0B 1L0,Canada,
31742,,,1319 Bekkestua Oslo 7,Norway,
31743,,,Vancouver BC V6L 1P6,Canada,
31744,,,Siquijor 6225,Philippines,
31745,,,Burns Lake BC V0J 1E2,Canada,
31746,,,Surabaya 60285,Indonesia,
31747,,,47620 Subang Jaya Selangor,Malaysia,
31748,,,SUBANG JAYA 47600,Malaysia,
31749,,,Lima,Peru,
31750,,,Surabaya 60252,Indonesia,
31751,,,Bangkok 11000,Thailand,
31752,,,Mississauga ON L5N 2X7,Canada,
31753,,,56100 Kuala Lumpur,Malaysia,
31754,,,Nelson 7001,New Zealand,
31755,,,Singapore 387383,Singapore,
31756,,,Edmonton AB T6J 2Y1,Canada,
31757,,,Bangkok 10310,Thailand,
31758,,,,Canada,
31759,,,Kalaba Neysehir,Turkey,
31760,,,Mosman NSW 2008,Australia,
31761,,,1231,Singapore,
31762,,,Kowloon Hong Kong,Hong Kong,
31763,,,East Java 60175,Indonesia,
31764,,,Jakarta 11620,Indonesia,
31765,,,Bogor 16141,Indonesia,
31766,,,Semarang 50137,Indonesia,
31767,,,Surabaya 60271,Indonesia,
31768,,,Vancouver BC V6L 1S5,Canada,
31769,,,Lethbridge Alberta T1K 5C7,Canada,
31770,,,2776,Singapore,
31771,,,Calgary AB T2N 2K6,Canada,
31772,,,Semarang 50137,Indonesia,
31773,,,436881,Singapore,
31774,,,Jakarta 10120,Indonesia,
31775,,,Penang 10350,Malaysia,
31776,,,Amman,Jordan,
31777,,,Jakarta Pusat 10340,Indonesia,
31778,,,Singapore 1026,Singapore,
31779,,,Jakarta-Selatan,Indonesia,
31780,,,Jakarta,Indonesia,
31781,,,Surabaya East Java,Indonesia,
31782,,,Selangor,Malaysia,
31783,,,Elgin ON K0G 1E0,Canada,
31784,,,Quito 0,Ecuador,
31785,,,Karachi,Pakistan,
31786,,,Chiyoda-ku Tokyo 100-6520,Japan,
31787,,,Tanjungkrng Bandar Lampng,Indonesia,
31788,,,Doha,Qatar,
31789,,,Surabaya 60274,Indonesia,
31790,,,Balikpapan Kal-Tim 76121,Indonesia,
31791,,,Jakarta Barat 11520,Indonesia,
31792,,,Jakarta 10510,Indonesia,
31793,,,Surabaya,Indonesia,
31794,,,Surabaya 60256,Indonesia,
31795,,,47650 Subang Jaya Selangor,Malaysia,
31796,,,Penang 10400,Malaysia,
31797,,,Jakarta 11210,Indonesia,
31798,,,Singapore 467508,Singapore,
31799,,,Jakarta 11270,Indonesia,
31800,,,Bangkok 10200,Thailand,
31801,,,Grand-Prairie AB T8V 0V8,Canada,
31802,,,Surabaya,Indonesia,
31803,,,Jakarta Pusat 10130,Indonesia,
31804,,,Seremban Malay 70450,Malaysia,
31805,,,Klongjan Bangkok 10240,Thailand,
31806,,,5600 Kyala Lumpur,Malaysia,
31807,,,Erskineville NS 2043,Australia,
31808,,,Tauranga 3112,New Zealand,
31809,,,Jakarta 14450,Indonesia,
31810,,,Bangkok 10400,Thailand,
31811,,,Jakarta 12120,Indonesia,
31812,,,Ampang Selangor 68000,Malaysia,
31813,,,Tangerang Jabar,Indonesia,
31814,,,Kota Baharu 15150,Malaysia,
31815,,,Taipei,Taiwan,
31816,,,Nara 63001,Japan,
31817,,,Jb Johor,Malaysia,
31818,,,Jakarta 12980,Indonesia,
31819,,,Amman,Jordan,
31820,,,Kuala Lumpur Wilayah Persekutuan,Malaysia,
31821,,,Jakarta 12950,Indonesia,
31822,,,Bangkok 10110,Thailand,
31823,,,Seddon Victoria 3011,Australia,
31824,,,Seoul 138-229,South Korea,
31825,,,Jakarta 13210,Indonesia,
31826,,,Islamabad 44000,Pakistan,
31827,,,Sarawak 93716,Malaysia,
31828,,,Toyonaka Osaka 560-0014,Japan,
31829,,,12210 Jakarta,Indonesia,
31830,,,Choongnam 330-714,South Korea,
31831,,,Jakarta 10220,Indonesia,
31832,,,Bangkok 10120,Thailand,
31833,,,Chiba-Shi 263,Japan,
31834,,,Surabaya,Indonesia,
31835,,,Medan-20153,Indonesia,
31836,,,Medan-20112,Indonesia,
31837,,,Kowloon,Hong Kong,
31838,,,Singapore 530370,Singapore,
31839,,,Kuala Lumpus 50470,Malaysia,
31840,,,Bandung 40262,Indonesia,
31841,,,East Java,Indonesia,
31842,,,Taipei,Taiwan,
31843,,,Surabaya 60116,Indonesia,
31844,,,Surabaya 60285,Indonesia,
31845,,,Macau,China,
31846,,,Jakarta-Utara 14450,Indonesia,
31847,,,Jakarta 12210,Indonesia,
31848,,,Semarang 50243,Indonesia,
31849,,,Suragaya 60285,Indonesia,
31850,,,1953,Singapore,
31851,,,JakSel 12210,Indonesia,
31852,,,12210 Jakarta,Indonesia,
31853,,,Medan North Sumatera 20112,Indonesia,
31854,,,Jakarta,Indonesia,
31855,,,Bangkok,Thailand,
31856,,,Jakarta Barat 11420,Indonesia,
31857,,,Surabaya 60281,Indonesia,
31858,,,Surabaya 60116,Indonesia,
31859,,,Surabaya 60177,Indonesia,
31860,,,Almaty 480057,Kazakhstan,
31861,,,Panama City 0819-06908,Panama,
31862,,,Bangkok 10120,Thailand,
31863,,,Jakarta Utara 14450,Indonesia,
31864,,,Jakarta-Barat,Indonesia,
31865,,,Jakarta Barat 11150,Indonesia,
31866,,,Jakarta 10350,Indonesia,
31867,,,Kowloon,Hong Kong,
31868,,,Tokyo 108,Japan,
31869,,,Yakutsk 677007,Russian Federation,
31870,,,Seoul 135-870,South Korea,
31871,,,Surabaya 60177,Indonesia,
31872,,,Jakarta Selatan 12210,Indonesia,
31873,,,JakBar 11140,Indonesia,
31874,,,Osaka 536,Japan,
31875,,,JakUt 14450,Indonesia,
31876,,,Taichung,Taiwan,
31877,,,Chennai 600 010,India,
31878,,,Valparaiso,Chile,
31879,,,Koshigaya Saitama 343-0015,Japan,
31880,,,Jakarta Barat 11610,Indonesia,
31881,,,Rocklea QLD 4106,Australia,
31882,,,Jakarta Barat,Indonesia,
31883,,,Bandung 40241,Indonesia,
31884,,,Jakarta 12210,Indonesia,
31885,,,Kitasoma - Ibaraki 300-1631,Japan,
31886,,,Cianjur West Java 43214,Indonesia,
31887,,,Cianjur West Java 43214,Indonesia,
31888,,,Calgary Alberta T2G 0Y4,Canada,
31889,,,Oliver BC V0H 1T9,Canada,
31890,,,Namyangju-si Gyeonggi-do 472-793,South Korea,
31891,,,Bandung 40241,Indonesia,
31892,,,Samarkand 704453,Uzbekistan,
31893,,,Surabaya 60226,Indonesia,
31894,,,Taejon 301-781,South Korea,
31895,,,Bagan,Kuwait,
31896,,,Calgary Alberta T2P 5H1,Canada,
31897,,,Yamagataken 999-0121,Japan,
31898,,,Bandung 40112,Indonesia,
31899,,,Saanichton BC V8M 1M6,Canada,
31900,,,Kuwait City 40177,Kuwait,
31901,,,West Jakarta,Indonesia,
31902,,,Taipei 231,Taiwan,
31903,,,Rekuwait City,Kuwait,
31904,,,Seoul 130-722,South Korea,
31905,,,Seoul,South Korea,
31906,,,Edmnton AB T5X 6G7,Canada,
31907,,,Daegu 704-352,South Korea,
31908,,,Seoul 135-902,South Korea,
31909,,,Hsinchu City 300,Taiwan,
31910,,,Shaybah 31311,Saudi Arabia,
31911,,,Guangzhou 511430,China,
31912,,,Brantford ON N3T 5S7,Canada,
31913,,,Saitama-ken,Japan,
31914,,,Chiba 277-0034,Japan,
31915,,,Taipei 237,Taiwan,
31916,,,Taiwan 427,Taiwan,
31917,,,Al Wakra,Qatar,
31918,,,Guangdong Province Shenzhen,China,
31919,,,Victoria BC  V8Y 1T9,Canada,
31920,,,Shanghai 201100,China,
31921,,,Calgary AB T3A 5A4,Canada,
31922,,,Oita 870-1172,Japan,
31923,,,Ho Chi Minh City,Vietnam,
31924,,,Novi Sad,Serbia,
31925,,,Shenzhen Guangdong 518052,China,
31926,,,Tsing Yi,Hong Kong,
31927,,,0170 Oslo,Norway,
31928,,,Shenzhen,China,
31929,,,Chongqing 400041,China,
31930,,,Ningbo,China,
31931,,,Aidingbao Chongqing 400020,China,
31932,,,Jakarta 11630,Indonesia,
31933,,,Jakarta 13210,Indonesia,
31934,,,Yangzhou Jiangsu 225000,China,
31935,,,Daegu,South Korea,
31936,,,Suzhou 21500,China,
31937,,,Taipei City 11671,Taiwan,
31938,,,Bangkok 10700,Thailand,
31939,,,Seoul 135-897,South Korea,
31940,,,Taipei 10681,Taiwan,
31941,,,Istanbul,Turkey,
31942,,,Jakarta 13210,Indonesia,
31943,,,Calgary AB T2Y 5E1,Canada,
31944,,,Richmond BC V6Y 1H3,Canada,
31945,,,Ratchathewi Bangkok 10400,Thailand,
31946,,,Bangkok,Thailand,
31947,,,Cabo San Lucas B.C.S.,Mexico,
31948,,,Muranga,Kenya,
31949,,,Bandung 40214,Indonesia,
31950,,,JakBar 11630,Indonesia,
31951,,,Jakarta 12160,Indonesia,
31952,,,Jakarta 12950,Indonesia,
31953,,,Bangkok 10400,Thailand,
31954,,,1630 Gamle Fredrikstad,Norway,
31955,,,JakUt 14450,Indonesia,
31956,,,Surabaya 60119,Indonesia,
31957,,,Ma On Shan,Hong Kong,
31958,,,Bankok,Thailand,
31959,,,1209 Geneva,Switzerland,
31960,,,Anyang City 431-767,South Korea,
31961,,,Putuo District Shanghai,China,
31962,,,Toronto ON M9A 4S2,Canada,
31963,,,Surrey BC V3W 1B4,Canada,
31964,,,Beombak-Dong Sosa-Gu,South Korea,
31965,,,Shanghai 200070,China,
31966,,,Pathumwan Bangkok 10330,Thailand,
31967,,,,Canada,
31968,,,Nakano-ku Tokyo 164-0011,Japan,
31969,,,Rawalpindi 46000,Pakistan,
31970,,,Surabaya 60274 Jakarta,Indonesia,
31971,,,Bangkok 10120,Thailand,
31972,,,Phayathai Bangkok 10400,Thailand,
31973,,,Medan 20212,Indonesia,
31974,,,Jakarta 12090,Indonesia,
31975,,,Medan North Sumatra 20124,Indonesia,
31976,,,Huay-Kwang Bangkok 10310,Thailand,
31977,,,Seoul 130-791,South Korea,
31978,,,Pomprab Bankok 10100,Thailand,
31979,,,Jhonghe City 235,Taiwan,
31980,,,Chita-gun Aichi Pref 470-2409,Japan,
31981,,,Bangkok,Thailand,
31982,,,Bangkok 10700,Thailand,
31983,,,Chiang Mai 50230,Thailand,
31984,,,Norwood South Australia 5067,Australia,
31985,,,Bangkok 10310,Thailand,
31986,,,Bangkok 10250,Thailand,
31987,,,Klein Windhoek 9000,Namibia,
31988,,,Taipei 100,Taiwan,
31989,,,Surabaya 60264,Indonesia,
31990,,,Seoul 135-080,South Korea,
31991,,,Seoul 143-190,South Korea,
31992,,,Bangkok 10230,Thailand,
31993,,,Jakarta Barat 11530,Indonesia,
31994,,,Nonthaburi 11110,Thailand,
31995,,,North Vancouver BC V7N 2R7,Canada,
31996,,,Hsinchu 300,Taiwan,
31997,,,Bangkok 10250,Thailand,
31998,,,CH-8702 Zollikon,Switzerland,
31999,,,Singapore 099310,Singapore,
32000,,,Surrey BC V3W 3N5,Canada,
32001,,,Cixi ZheJiang Provi 315300,China,
32002,,,Bangkok 10800,Thailand,
32003,,,Dehiwela Sri Lanka,Indonesia,
32004,,,Samutprakarn 10130,Thailand,
32005,,,Kollam-691 004 Kerala,India,
32006,,,Tokyo 171-0043,Japan,
32007,,,Jacarta 12120,Indonesia,
32008,,,Patumwan Bangkok 10330,Thailand,
32009,,,Zushi-shi Kanagawa 249-0006,Japan,
32010,,,Chatuchak Bangkok 10900,Thailand,
32011,,,Bangkok 10200,Thailand,
32012,,,Bangkok 10330,Thailand,
32013,,,Chongqing 402260,China,
32014,,,Shanghai 200042,China,
32015,,,Tianjin,China,
32016,,,Jakarta 14350,Indonesia,
32017,,,Pudong Shanghai 200135,China,
32018,,,Shanghai Shi 201203,China,
32019,,,Shanghai 200021,China,
32020,,,Winnipeg MB R3P 0A8,Canada,
32021,,,New Territories,Hong Kong,
32022,,,Anambra State,Nigeria,
32023,,,Kaohsiung800,Taiwan,
32024,,,Bangkok 10400,Thailand,
32025,,,40170 Shah Alam Selangor,Malaysia,
32026,,,Roberts Creek BC V0N 2W6,Canada,
32027,,,Bangkok,Thailand,
32028,,,Singapore 298538,Singapore,
32029,,,Cuttack-8 Ori,India,
32030,,,3182 Victoria,Australia,
32031,,,Vancouver BC V6M 4J7,Canada,
32032,,,Ramat-Hasharon 47445,Israel,
32033,,,Listerfield VIC 3156,Australia,
32034,,,Fredericton E3B 1M3,Canada,
32035,,,Quito,Ecuador,
32036,,,Powell River BC  V8A 3B6,Canada,
32037,,,Bangkok,Thailand,
32038,,,Vancouver BC V6N 4E7,Canada,
32039,,,Bangkok,Thailand,
32040,,,Kowloon,Hong Kong,
32041,,,Port Coquitlam Brit Columbia V3B 4M2,Canada,
32042,,,Wilayah Persekutuan 51200,Malaysia,
32043,,,Bangkok 0900,Thailand,
32044,,,Nairobi,Kenya,
32045,,,Kaosiung 804,Taiwan,
32046,,,Kowloon,Hong Kong,
32047,,,Dusit Bangkok 10300,Thailand,
32048,,,Jakarta 10130,Indonesia,
32049,,,Amman,Jordan,
32050,,,Chungnam 340-720,South Korea,
32051,,,Wattana Bangkok 10110,Thailand,
32052,,,Huamark Bangkok 10240,Thailand,
32053,,,Bangkok 10700,Thailand,
32054,,,Grand Baie,Mauritius,
32055,,,Bangkok 10400,Thailand,
32056,,,Seocho-Ku 137-807,South Korea,
32057,,,Singapore 320002,Singapore,
32058,,,Bangkok 10330,Thailand,
32059,,,Kyungkido,South Korea,
32060,,,Seoul,South Korea,
32061,,,Dusit Bangkok 10300,Thailand,
32062,,,Central Hong Kong,Hong Kong,
32063,,,Kuala Lampur 50490,Malaysia,
32064,,,4307 Sandnes,Norway,
32065,,,Surabaya 60187,Indonesia,
32066,,,126988,Singapore,
32067,,,Jakarta 12930,Indonesia,
32068,,,Jakarta 10310,Indonesia,
32069,,,06470 040,Brazil,
32070,,,Richmond BC V6V 2T1,Canada,
32071,,,Aichi 446,Japan,
32072,,,Bangkok 10800,Thailand,
32073,,,Bangkok,Thailand,
32074,,,Teparak Samutprakran 10270,Thailand,
32075,,,Bangkok 10110,Thailand,
32076,,,Taipei,Taiwan,
32077,,,Bangrak Bangkok 10500,Thailand,
32078,,,Taiwan 428,Taiwan,
32079,,,1024,Singapore,
32080,,,East Java 60271,Indonesia,
32081,,,126988,Singapore,
32082,,,Sathorn 10120,Thailand,
32083,,,Kaohsiung 804,Taiwan,
32084,,,Khon Kaen 40000,Thailand,
32085,,,Bangkok 10600,Thailand,
32086,,,Chatuchak Bangkok 10900,Thailand,
32087,,,Tokyo 162-0056,Japan,
32088,,,Muang Nakhon Sawan,Thailand,
32089,,,Kaohsiung 84501,Taiwan,
32090,,,Seoul,South Korea,
32091,,,Bangkok 10310,Thailand,
32092,,,Pathum Thani 12130,Thailand,
32093,,,Jakarata 11120,Indonesia,
32094,,,Bangkok 10300,Thailand,
32095,,,Bangkok 10240,Thailand,
32096,,,Cape Town 7405,South Africa,
32097,,,Pauchiao Taipei 220,Taiwan,
32098,,,Nakhon Ratchasima 30000,Thailand,
32099,,,Chatuchak Bangkok 10900,Thailand,
32100,,,Klongkum Buengkum Bankok 10230,Thailand,
32101,,,Chiba 276,Japan,
32102,,,Bangkok 10320,Thailand,
32103,,,Shanghai 201203,China,
32104,,,Nakorn Lachseema 30000,Thailand,
32105,,,Chofu Tokyo 182-0014,Japan,
32106,,,Hino Tokyo 191-0031,Japan,
32107,,,Taipei 106,Taiwan,
32108,,,Minamitsugaru-gun 036-0233,Japan,
32109,,,Taipei,Taiwan,
32110,,,458145,Singapore,
32111,,,Sathorn Bangkok 10120,Thailand,
32112,,,Taipei 100,Taiwan,
32113,,,Hong Kong,Hong Kong,
32114,,,Bangkok 10230,Thailand,
32115,,,Taegu 705 034,South Korea,
32116,,,Bangkok 10260,Thailand,
32117,,,Pravet Bangkok 10250,Thailand,
32118,,,Bangkok 10230,Thailand,
32119,,,Shanghai 200051,China,
32120,,,Bangkok 10110,Thailand,
32121,,,Gorakhpur U P 273014,India,
32122,,,Bangkok 10900,Thailand,
32123,,,Bankok,Thailand,
32124,,,Bangkok 10900,Thailand,
32125,,,Lamlukka Pathumtani 12130,Thailand,
32126,,,Dali city Taichung 412,Taiwan,
32127,,,Taipei 00116,Taiwan,
32128,,,Jember 68154 East Java,Indonesia,
32129,,,Bangkok 10120,Thailand,
32130,,,Bangkok 10210,Thailand,
32131,,,Talingchan Bangkok 10170,Thailand,
32132,,,Hanoi,Vietnam,
32133,,,Bangkok 10310,Thailand,
32134,,,Zhenjiang 212004,China,
32135,,,Quzhou 324400,China,
32136,,,hefei 230001,China,
